,Accuracy,AUC
1,69.6,0.7779400000000001
2,70.0,0.78462
3,70.8,0.79112
